ID,Product_Name,Price,Category,Brand,Stock_Quantity,Description
1,Identify Black,113.4,Furniture,Brand_A,293,Worry assume dog off impact apply test happy by send organization win.
2,Direction Just,337.01,Clothing,Brand_H,239,Challenge big without news follow anyone hit almost learn half.
3,Glass Book,139.9,Toys,Brand_B,178,Lot wonder method decision leave test action simple itself visit reflect natural dream.
4,Center Near,87.43,Toys,Brand_B,351,Care set draw book east star reality fund.
5,Seek Chair,93.43,Electronics,Brand_E,238,Short generation these court up process because name third.
6,Question Respond,496.88,Home,Brand_G,396,Yes term television system set him before single respond trade rise Democrat.
7,But Production,208.81,Electronics,Brand_B,434,Town capital beat room discuss nice because control.
8,Her Reflect,42.27,Furniture,Brand_E,113,Act specific charge together interview our office hit good final close how.
9,Strong Lay,73.9,Food,Brand_E,427,Go official source fast pass around.
10,Character End,388.54,Clothing,Brand_D,473,His however gun while second trouble law.
11,Woman Personal,320.72,Electronics,Brand_C,183,Beat to summer service surface door heavy.
12,Option Hour,324.31,Clothing,Brand_F,138,Other nice record century exactly blue example success research image do bit.
13,Happy Raise,383.05,Electronics,Brand_J,57,Animal let glass show quality difference few you race score suggest.
14,Throw Describe,317.69,Toys,Brand_D,173,Site end drug must upon beyond evening.
15,There Huge,368.97,Home,Brand_A,470,Response thing finally she between improve six suggest future interesting behind beat wife.
16,Low Agency,267.87,Clothing,Brand_H,364,Sometimes sister central technology source ability available.
17,My Step,139.02,Clothing,Brand_B,45,Former job hit whatever stock important.
18,Sport Although,263.69,Furniture,Brand_A,455,Grow meet detail especially before consumer expect relate.
19,Look Wonder,488.24,Electronics,Brand_F,364,Act school poor our million whose have.
20,Face Interest,111.37,Electronics,Brand_F,411,Young outside affect drug which level interview.
21,Health Service,73.89,Books,Brand_J,285,Then no music Democrat area use husband necessary finally term respond begin capital.
22,Course Cold,80.92,Electronics,Brand_H,75,Admit contain film own last central woman window include mind.
23,Education Someone,229.74,Home,Brand_F,475,Work large clearly class data within economic suffer same American.
24,Professional Especially,240.72,Beauty,Brand_G,280,Floor quickly act professional after floor seven free just knowledge.
25,Instead Car,378.89,Beauty,Brand_E,342,Agree for civil power various room line event popular attack lay wide.
26,Different Often,464.08,Toys,Brand_E,142,Prepare answer wall personal provide human.
27,Reveal Likely,430.35,Electronics,Brand_B,315,Dark imagine join work here spend.
28,Result Simple,137.42,Food,Brand_B,266,Thank shoulder rest wide raise into.
29,Bar Detail,125.89,Furniture,Brand_J,469,Professional always listen oil far perform carry Republican.
30,Statement Let,475.94,Home,Brand_H,76,Under knowledge lose artist expect body black thousand strong parent.
31,Which Deep,11.28,Food,Brand_I,101,Everything size three southern standard method mouth despite goal not.
32,Positive Society,221.29,Toys,Brand_D,49,Old letter draw better picture easy drug.
33,Forward Together,470.33,Books,Brand_G,364,Sea thing thus ready make report case check.
34,What Least,288.14,Books,Brand_D,181,Great doctor country try everything significant conference easy glass wish describe family.
35,Record Decade,472.65,Beauty,Brand_G,36,Member hand big add base heavy policy imagine never edge crime either.
36,Some Without,272.5,Clothing,Brand_A,346,Against movement break walk turn production.
37,Less Green,110.34,Books,Brand_I,10,First dark safe plant check little last probably traditional crime.
38,Spend Out,282.23,Books,Brand_H,464,Look traditional easy fine pattern each.
39,You Will,164.89,Beauty,Brand_D,141,His former bring world defense main front find modern capital.
40,About Customer,8.71,Electronics,Brand_G,57,Account everybody hard green choose road where us.
41,Week Let,21.6,Clothing,Brand_J,198,Family throughout collection spring answer program fish miss understand especially put sport impact.
42,Actually Decade,373.16,Toys,Brand_F,133,Maybe reflect of concern to edge same treat.
43,Action Pick,112.17,Food,Brand_E,125,Nothing during center artist produce guess north hair.
44,Something Age,31.43,Food,Brand_C,64,Fly stand able left consumer instead.
45,Our Can,268.62,Electronics,Brand_F,233,Baby sell trip near might green use crime environment alone hotel outside.
46,Alone Too,86.19,Books,Brand_I,312,Magazine several participant however help manage world activity fire discuss.
47,Economy Growth,232.22,Sports,Brand_J,102,Themselves lot toward there suddenly administration second prove sport another just.
48,Movement Into,204.38,Electronics,Brand_B,257,Clear where send term experience simply year live daughter main step create show cause.
49,Letter Mouth,121.19,Electronics,Brand_G,164,Modern direction should carry a she number watch either.
50,Every Maintain,292.32,Furniture,Brand_J,221,Seek significant leg although system never.
51,Society Of,126.5,Food,Brand_I,367,Share because himself reduce sometimes of apply magazine several.
52,Away Plan,240.45,Beauty,Brand_F,437,The past seek avoid leave whom town difficult state stop wall interview toward.
53,Tend Catch,352.88,Furniture,Brand_A,361,Once either half international operation major improve put former.
54,Three Church,352.72,Food,Brand_F,75,Political specific image central low way trip.
55,List Form,397.08,Home,Brand_C,489,Find price activity rock usually group expect over whether.
56,Lead Type,372.11,Electronics,Brand_H,454,National nation prove believe information society when article sure mention with.
57,Source Though,227.91,Furniture,Brand_A,367,Per him wish fire staff class personal shake behavior others huge one choice.
58,Drug Which,72.43,Clothing,Brand_A,296,Heart level industry here spring professional mission always technology.
59,Movie Attack,237.37,Clothing,Brand_G,138,We student fire cause rise every.
60,Alone Player,170.56,Sports,Brand_B,60,Leg alone president figure over debate turn.
61,Value Now,347.34,Books,Brand_G,10,Wait remain hold talk memory anything success project Mrs bill wonder write.
62,Wind Goal,357.93,Furniture,Brand_H,465,Party seem man recent sell performance.
63,History Account,164.15,Home,Brand_E,56,Carry miss ground push cup history person week else buy think.
64,Commercial These,367.98,Toys,Brand_G,172,Arrive war debate ball evening reveal check could positive situation.
65,She Account,456.28,Electronics,Brand_A,94,Too structure prove require for thank care run.
66,Figure Amount,365.72,Beauty,Brand_F,10,Radio wear go bag citizen perhaps throughout young degree official old live cover.
67,Audience White,206.71,Furniture,Brand_G,216,Matter woman call administration thank artist concern could serious upon every sense.
68,Really Ground,337.53,Electronics,Brand_G,32,Hand whose security star heavy position media.
69,Middle Pick,146.74,Sports,Brand_I,185,Student support wrong member leg process heavy capital.
70,By Name,377.59,Electronics,Brand_F,37,Design start way movement image position.
71,Discover Top,148.66,Books,Brand_G,58,Own very loss bad coach citizen laugh security conference seat scene technology.
72,Coach Scene,268.99,Furniture,Brand_F,199,Land campaign interview find choice wrong up improve.
73,Cover Become,431.85,Sports,Brand_G,72,Eight where recently tree much seven interesting.
74,Together Current,166.66,Toys,Brand_B,432,Baby easy easy approach listen southern close hour.
75,Thus Also,33.5,Beauty,Brand_I,168,Third place find forget edge stuff study help wait eat arrive call.
76,Bar Page,491.6,Clothing,Brand_C,234,Defense generation several middle third player computer.
77,Agreement Share,93.58,Food,Brand_H,443,Into property decade window everything business American beautiful fight technology size to cut until.
78,Improve Out,372.14,Beauty,Brand_A,289,Character that health human chair and rock table either language.
79,Staff Television,453.61,Food,Brand_B,81,Around face section among prove me.
80,Six Size,329.36,Electronics,Brand_I,67,Dog beautiful the wear determine member test newspaper.
81,Piece Material,172.37,Food,Brand_I,116,Ok such over rate lawyer marriage goal Congress face follow medical.
82,Six Back,382.34,Electronics,Brand_I,490,Model reflect year north factor we special.
83,Sign Case,307.2,Electronics,Brand_G,453,Do instead special from maintain form everybody prevent send who source agreement pay.
84,Factor Herself,267.14,Electronics,Brand_E,293,Once soon drop collection north go suddenly finish federal position gas everybody than.
85,Major They,306.16,Home,Brand_A,411,Experience wind each arrive recognize economy week.
86,Training Bar,15.95,Furniture,Brand_J,38,Rather character lawyer like attorney end right security manager he huge.
87,List Break,158.15,Beauty,Brand_C,83,Society can since meeting whose I program I whatever identify four or.
88,Design Consumer,170.95,Electronics,Brand_G,211,Level within hour whether hand rate big over Mrs red security well.
89,Stand Pretty,206.83,Books,Brand_C,146,Thought economy act off tend once what happy glass president civil.
90,Result Weight,297.33,Beauty,Brand_E,361,Nice camera factor summer page behavior series former issue.
91,General Station,209.62,Furniture,Brand_G,110,Over enjoy night newspaper finish box cold ability not single music girl.
92,Anyone Lead,28.19,Sports,Brand_H,163,Recognize movie idea win baby assume company meeting one either mention.
93,Customer Clear,385.2,Furniture,Brand_J,39,Affect above indicate professor animal under area quality over issue people.
94,Official Would,452.95,Books,Brand_E,384,Seven back training around me might relationship special turn scientist no concern.
95,Arrive Garden,212.66,Home,Brand_C,240,Three ready those number standard from positive truth control actually former term side that.
96,Pass Process,295.9,Beauty,Brand_J,277,Police require east player experience or leg.
97,Thing Step,121.35,Food,Brand_E,86,Baby hair brother suffer from night improve.
98,Message Discuss,164.51,Furniture,Brand_E,276,Yet affect where executive everything student education of way.
99,Threat Score,249.82,Home,Brand_B,347,Attack enter talk close society various.
100,Not Finish,439.47,Beauty,Brand_C,369,On chair agency national apply than difference.
101,Remember Light,429.0,Books,Brand_C,37,Unit morning watch above exist upon film often company.
102,Deal Everybody,25.44,Electronics,Brand_I,296,Light operation marriage attorney feeling act relationship too policy will less security kitchen.
103,Fire Approach,13.38,Home,Brand_C,202,Call recently land suddenly impact example save institution listen.
104,Knowledge Help,277.21,Food,Brand_I,276,Increase be former wonder can project present free support.
105,Itself Line,54.53,Books,Brand_I,192,Ten last open stock whom fine outside worry front.
106,Trade Commercial,290.36,Furniture,Brand_I,289,Guess if step approach until very federal.
107,Front Likely,62.79,Food,Brand_D,73,Half kitchen reach again evening nor clearly peace drop lawyer.
108,Remain Short,387.66,Books,Brand_E,36,Old water actually see mission account cup police large plan necessary.
109,Create Exactly,401.14,Food,Brand_H,448,Forget street soldier career difference instead sound play democratic fact.
110,Pick Reduce,417.35,Food,Brand_B,213,Threat simply rate where politics seem production listen stand oil.
111,Technology Either,187.83,Sports,Brand_H,326,He general effect free keep pattern everybody everybody food rule free.
112,If Smile,436.89,Food,Brand_H,492,Far reduce door plan start arm once south factor.
113,Time Edge,217.23,Home,Brand_F,298,Late total Congress man here appear baby Congress.
114,Give Live,35.28,Beauty,Brand_H,210,Or protect information others activity father.
115,Feeling Way,269.95,Beauty,Brand_I,68,Military herself instead put represent management mind.
116,Heart Bank,293.12,Home,Brand_F,423,Have trade race hour cover far sense heavy region.
117,Event Crime,290.42,Home,Brand_D,119,Defense their forget computer since program.
118,Present Order,421.12,Sports,Brand_I,121,Seek many finally level tax because easy second.
119,Second Guy,269.61,Beauty,Brand_C,495,Ball million eight box who score.
120,Education Like,6.91,Beauty,Brand_A,64,Professional bank bring politics specific machine however red seat player community.
121,Business Ready,422.96,Food,Brand_A,75,Cup allow season executive result nice Mr person.
122,Work Over,390.8,Beauty,Brand_G,129,Traditional represent sit movie also challenge purpose realize tend machine policy reason hand.
123,Mouth Edge,429.27,Electronics,Brand_A,228,Laugh rise very coach yet stop may speak list stay page really.
124,Early Interview,432.01,Sports,Brand_A,350,Understand effect road win close not while tax.
125,Force Job,241.75,Clothing,Brand_J,190,Worry effort adult compare particularly central.
126,Tell Get,106.86,Food,Brand_B,52,Technology career office magazine international play hour week evidence he.
127,Run Off,139.28,Home,Brand_J,346,Responsibility generation evening resource fund direction method.
128,Mission Wonder,39.82,Clothing,Brand_D,72,Another bar magazine section necessary quite city past another collection another.
129,Particular Able,33.52,Books,Brand_E,351,Brother house main whether that method fact century.
130,Cut Civil,272.82,Clothing,Brand_I,14,Subject city city for coach fast group garden several.
131,Visit Whether,211.57,Furniture,Brand_B,69,Hear mouth perhaps city dinner wish.
132,Find Discuss,471.79,Furniture,Brand_B,337,Recognize read street east appear write how machine more keep perform watch brother.
133,Mrs Else,399.85,Books,Brand_H,312,Social health body positive itself place southern reveal manager sister pressure court tree.
134,Whom Someone,222.72,Books,Brand_B,307,Myself north be success early recognize message blue.
135,Exactly Cold,409.57,Home,Brand_C,443,Fall audience visit professional huge less benefit garden.
136,Nearly Style,319.04,Sports,Brand_I,443,Wide find improve way spend huge sell idea table light source economy whatever.
137,Identify Else,279.55,Clothing,Brand_G,453,Become law rule recent west true his from animal save.
138,Together His,461.7,Books,Brand_H,344,Eat deep director detail pay threat action often because.
139,Town Ahead,94.62,Books,Brand_A,129,Decide rather draw sort analysis article your beyond sort agreement turn short dream.
140,End Fear,227.76,Electronics,Brand_H,481,Hour might place break cut daughter method late learn result.
141,Born Different,367.09,Electronics,Brand_J,310,Responsibility and exactly turn yes letter television church day lawyer.
142,Control Star,463.4,Toys,Brand_B,166,Somebody white place away under role husband meet when position.
143,Win Impact,312.62,Books,Brand_B,343,Exactly girl four himself suddenly magazine watch toward.
144,Political Me,100.05,Electronics,Brand_D,487,Bed dark treat standard again long price wonder seek memory.
145,Unit Rich,276.46,Clothing,Brand_C,334,Represent out senior air up out city kind production heavy society have message.
146,Game Prove,383.34,Beauty,Brand_D,374,Even nor provide house leader note more quite himself class car real.
147,Material Pick,133.54,Food,Brand_I,57,Gas increase commercial career management final food official show center ground involve former.
148,Experience Forget,340.68,Electronics,Brand_I,222,Else now low so theory employee put hope environmental it hand bed decide.
149,Never Himself,270.09,Clothing,Brand_C,301,Across in wife never perform week improve be senior scene science bad.
150,Before Natural,424.32,Sports,Brand_H,212,Law for their while ready especially player because experience nation themselves team.
151,Pm Minute,106.47,Beauty,Brand_F,231,Father truth husband popular office claim.
152,Gas No,215.98,Books,Brand_B,420,Low forward return next camera put however.
153,Friend Learn,321.67,Electronics,Brand_B,350,Movie quickly look tend strategy they picture way buy exist feel police box.
154,Culture Huge,16.11,Books,Brand_B,223,Administration cultural hospital all may material town.
155,Forward Show,135.1,Beauty,Brand_D,383,East read ten nice subject experience me minute return quickly kind war.
156,Natural Approach,321.46,Clothing,Brand_B,16,Clear discover might any fast no.
157,Weight Position,497.22,Food,Brand_G,475,Environment every former land something system still theory season decision.
158,Hospital Despite,422.53,Furniture,Brand_D,247,I sell third key anything reduce recent nation decade.
159,Summer Economy,328.46,Books,Brand_I,207,Lot discuss recognize national long central beautiful pick down opportunity.
160,Quickly Expert,282.68,Beauty,Brand_D,206,Yourself road officer election wear decision letter every address simple woman.
161,Tell Occur,457.5,Clothing,Brand_J,486,Upon whom occur describe event prepare brother respond sign total station.
162,Student Difficult,341.42,Furniture,Brand_A,430,Bar answer two allow government party effort common what my three choose.
163,Imagine Remember,110.7,Furniture,Brand_F,253,Born worry who worker item professional evidence local Congress drive within boy forget.
164,Thought Trade,168.83,Beauty,Brand_G,95,Imagine vote hope three into short receive take current cause simply energy join.
165,Board Floor,474.18,Toys,Brand_H,319,Check election sometimes get art for reveal important language red beautiful.
166,Tv Sound,144.32,Books,Brand_G,179,Degree according church hold position forget decade.
167,Water Wind,315.95,Electronics,Brand_J,330,Until avoid wind policy save senior individual national anything character reduce.
168,Painting According,187.41,Electronics,Brand_A,306,Wife friend particular break test arm control include fall lose hospital.
169,Five Fall,469.74,Food,Brand_J,167,Eye care gas bank point reality lay instead list actually.
170,Here Community,137.66,Beauty,Brand_I,56,Five occur south rather share beat.
171,Child Such,67.9,Sports,Brand_B,26,Perform maybe popular beat new design real within over kind.
172,Discuss Read,69.47,Furniture,Brand_E,278,Scene mission fund interview size article truth.
173,Difference Why,38.33,Sports,Brand_F,356,Protect trade detail far human nearly trouble truth important pass.
174,Agreement Manage,443.34,Sports,Brand_I,367,Figure very draw future four occur pass argue use summer team five.
175,Total Mean,374.78,Electronics,Brand_B,232,Budget about add production take campaign black draw identify.
176,Up Participant,171.44,Sports,Brand_D,25,Peace so represent good could study world far with tend available.
177,Institution Ball,38.83,Beauty,Brand_J,208,Parent assume own rule to media century sure cause.
178,Benefit Billion,245.52,Beauty,Brand_D,307,State five skin never society most indicate decide dream almost.
179,Particularly Point,181.83,Electronics,Brand_I,191,Particularly draw trial around reflect weight happen free big have.
180,Down Place,39.75,Books,Brand_H,245,Your movie recent item language friend environment although cold.
181,Plant Girl,236.18,Clothing,Brand_B,162,Reason there community not and her number enter its over close design design.
182,End Reach,53.29,Beauty,Brand_B,345,Also group deal plant success beyond around suffer.
183,Skill Course,469.87,Sports,Brand_J,52,Company anyone laugh order different beautiful particularly both two.
184,Democratic Second,180.22,Beauty,Brand_I,337,Democratic child open describe might region economic toward might spring professor teacher.
185,Cell Collection,201.47,Home,Brand_G,461,Successful body after cover simply those.
186,Her Within,469.65,Sports,Brand_J,441,Operation service history decide nearly effort mind able might forget north husband actually.
187,Risk Together,175.56,Sports,Brand_I,423,Administration prepare modern audience method two.
188,Interesting Course,54.49,Books,Brand_E,421,Outside stay interest approach product writer war ask.
189,Believe Sometimes,382.85,Books,Brand_E,91,Treat write reduce more pretty international child lawyer near.
190,Hundred Edge,116.66,Toys,Brand_A,179,Over future way billion example bill American card.
191,Strategy Send,234.85,Electronics,Brand_H,201,Mouth speak role push apply get wife join care employee second today value.
192,Likely Name,266.67,Food,Brand_J,89,Yourself vote bad identify rich serve husband.
193,Current Prevent,229.67,Home,Brand_G,490,Start huge soon growth everybody hour all.
194,Throughout Add,360.96,Clothing,Brand_G,401,Job policy everyone despite law order usually clear figure loss.
195,Cold Nothing,264.7,Sports,Brand_A,138,Enter exactly bank still control couple population painting store role.
196,Wide Record,60.56,Books,Brand_A,38,College top central report age education same head a.
197,Perform Third,19.2,Sports,Brand_C,313,Whole two large note food away big eat half organization store these couple.
198,Again Analysis,183.82,Clothing,Brand_J,62,Develop make build various visit while major time imagine tell particularly full.
199,President Different,34.08,Books,Brand_B,146,Remain father art media black source benefit family away technology amount those.
200,Statement Call,255.45,Home,Brand_A,161,Laugh middle science certainly still sign imagine hospital.
201,Nice Position,350.94,Furniture,Brand_I,334,Indeed truth western put write parent win baby laugh.
202,Trial Wear,490.96,Electronics,Brand_E,407,Detail husband to carry continue usually begin whether camera.
203,Face Rate,116.54,Clothing,Brand_I,100,Level simple lead spring what top field available push.
204,Offer Western,372.72,Toys,Brand_D,223,Simple thing feel also agreement expert onto know.
205,You Speech,450.87,Sports,Brand_B,191,Direction different feel member case push air drop without heavy country with later.
206,Fish Business,233.72,Furniture,Brand_D,121,American either oil what each trip fish fund seat.
207,Read Expect,465.33,Toys,Brand_B,174,Investment something economy room marriage whose offer teach American economic two less fight.
208,Fish Hope,343.88,Beauty,Brand_E,241,Because structure message key police beyond account foot around place peace low benefit opportunity.
209,Million Program,77.89,Toys,Brand_J,293,Always opportunity court threat free back place Mrs soon.
210,Official I,361.75,Electronics,Brand_B,328,Form Mrs radio government woman base.
211,Should Prevent,213.81,Beauty,Brand_I,202,College this term source billion ever he.
212,Skill Anyone,29.73,Home,Brand_J,419,Hair seat different piece recently amount cold knowledge couple image she later.
213,Drop Movie,111.62,Food,Brand_I,49,Education open score not bank especially television reality over glass police office.
214,Hot Exactly,188.33,Home,Brand_D,19,Key stock moment as discover indicate between.
215,Daughter Building,117.64,Home,Brand_I,396,Agreement those benefit central adult head structure customer skill.
216,Population Project,329.72,Toys,Brand_D,102,There prevent pass others daughter worker gun ready sit serve easy specific mission.
217,East Leader,452.46,Electronics,Brand_J,379,Under guess early bag risk start along increase against get past.
218,Among Parent,421.37,Toys,Brand_F,102,Seek back reason central less huge mission notice nice.
219,Take Price,292.85,Electronics,Brand_D,168,Close dinner shoulder second customer now Mr.
220,Sort Statement,435.23,Furniture,Brand_D,351,Project seat chance goal place least ahead scene make candidate quickly bad despite.
221,Think His,293.06,Clothing,Brand_H,494,Same analysis outside task stage table itself management social teacher responsibility.
222,Artist Health,435.09,Beauty,Brand_D,313,Social speech recently seat thought ask seek conference upon.
223,And Than,382.81,Toys,Brand_D,329,Tough strong identify despite over the price.
224,During By,158.74,Sports,Brand_I,318,Mind long possible lot know outside wonder method protect value check later.
225,Capital Before,201.18,Home,Brand_F,427,Water focus ever condition other necessary player common wind little.
226,Sign Instead,95.73,Food,Brand_J,284,Dream interview require either young above sound little arrive left against.
227,Allow Pull,251.98,Food,Brand_C,26,Accept anyone born no property have investment age side help dog risk own.
228,Away Send,495.54,Food,Brand_H,157,Eye only can section source learn staff information already save move.
229,Public Give,130.08,Clothing,Brand_H,49,Read company evidence act hair policy without project explain rate away life.
230,Us Family,435.97,Sports,Brand_A,391,Four these until discover idea foot size unit.
231,Billion Though,159.29,Electronics,Brand_C,316,Believe black give because media however candidate here tree action.
232,Close Message,291.72,Toys,Brand_J,60,Play senior my organization however oil number.
233,Statement Sport,388.49,Food,Brand_B,414,Hope travel girl our win window view economic movie car computer easy.
234,Take Standard,33.17,Electronics,Brand_G,303,Fire sense six once power recently hospital raise remember item wear what describe.
235,Star Soon,279.74,Clothing,Brand_G,175,Kitchen hospital professional get manage charge grow area yard opportunity.
236,Shoulder Significant,483.53,Books,Brand_H,406,West page letter one goal pattern movie dream free.
237,Similar Event,335.61,Furniture,Brand_D,361,Surface machine near tonight as health treatment direction dinner arrive month put store.
238,Artist Hour,304.66,Beauty,Brand_B,495,Interview no business than within world win hard thought according.
239,Plan Represent,377.78,Furniture,Brand_G,288,Green father develop center political chance cell dream.
240,She Student,83.85,Beauty,Brand_I,319,Enough media weight ready break lawyer senior.
241,Reduce Include,191.89,Sports,Brand_A,271,Million theory mission yet kind past head than other once pattern staff.
242,It Boy,17.86,Home,Brand_H,63,Hand represent eye more increase administration sea chance state according major seem.
243,Anything City,224.91,Home,Brand_J,90,Admit laugh argue score color itself eight see prepare sort line.
244,Her Charge,206.59,Home,Brand_H,446,Subject international assume dinner both argue call toward top whose consumer high.
245,Election Major,440.87,Books,Brand_C,479,Almost theory hard several seven piece war meeting whose environmental single memory.
246,Great Hard,330.58,Books,Brand_C,356,Television whom us enjoy floor development second sing city worker learn program should.
247,With Become,381.78,Electronics,Brand_C,77,Term animal five why adult plan fear after care compare daughter court.
248,Customer Wall,294.58,Electronics,Brand_G,209,Write subject sometimes none right door media trial among despite.
249,Modern Significant,325.39,Home,Brand_E,142,Total follow hit generation order listen discover.
250,Require Employee,58.97,Clothing,Brand_A,344,Head field appear course left leg author even four data country.
251,Soldier History,285.58,Clothing,Brand_G,462,Major bank difference yes civil keep small.
252,Drop Sound,263.55,Clothing,Brand_J,102,Blood success role serious including reach perhaps to.
253,Sense Culture,332.91,Beauty,Brand_D,496,Better him early gas that face no task color serve unit drug edge.
254,Budget Sister,358.32,Books,Brand_J,317,Notice rise a company find analysis send.
255,Sport Try,65.11,Furniture,Brand_E,214,Sure wait relationship my key outside at pass whose different rise.
256,Together Build,198.12,Electronics,Brand_F,35,Mean need growth pass past someone.
257,School Business,82.87,Furniture,Brand_J,322,Media health wall theory north fine total.
258,Nor Together,220.16,Toys,Brand_J,72,Else score beat both someone notice guess learn air nearly kitchen.
259,Movement Drive,271.5,Electronics,Brand_A,409,Son set you where admit within indeed successful prevent.
260,Maintain Evidence,169.61,Clothing,Brand_H,237,Help more win themselves site feel itself.
261,Interesting Chance,350.15,Home,Brand_A,412,Degree hit tonight hard account tonight for somebody recognize might be.
262,Crime Table,283.48,Home,Brand_B,462,Newspaper draw interest myself road voice shake pull deep.
263,Few Brother,108.39,Beauty,Brand_A,157,Event consumer husband record include key actually mind whose hold process citizen because.
264,Modern Than,268.67,Books,Brand_F,270,Price work issue suggest available ability doctor land seek.
265,In Deal,55.6,Food,Brand_E,389,Under rich short approach sound maybe minute step wonder true production respond.
266,Change Mouth,351.6,Food,Brand_C,395,Hospital soldier with production standard color daughter bill surface health.
267,Trade Go,251.1,Sports,Brand_I,85,Present learn reality serve season vote far rate.
268,Magazine Discuss,255.45,Sports,Brand_D,165,Compare international own speak similar law effort myself commercial give.
269,Send Hundred,86.08,Books,Brand_G,287,Easy per clearly blood left professional reduce rule hospital sit age official official.
270,Write Line,299.77,Sports,Brand_I,325,Eight Mr size my lose sure campaign kind language.
271,Need Discussion,313.81,Toys,Brand_A,433,Rich article thought our if teacher fact Mrs help factor sister.
272,Debate Course,236.55,Food,Brand_B,285,Range against Mrs begin that those box watch themselves low beat their we.
273,Actually Report,428.57,Toys,Brand_C,78,Type my trade often poor begin talk number others far.
274,Visit Tell,177.75,Furniture,Brand_E,208,Because friend mean beyond likely available identify around because fine entire instead.
275,Trip Without,481.83,Furniture,Brand_C,37,Yet heavy day practice concern benefit machine simply stock whatever skin.
276,Loss North,449.86,Books,Brand_I,69,Stock own sport deal onto politics woman mouth how.
277,Miss Half,160.15,Home,Brand_A,185,Follow same fill structure stay next technology them race might.
278,Heart Billion,60.46,Clothing,Brand_D,428,Point any they almost building social win.
279,Fight Friend,116.23,Toys,Brand_D,314,Score main at responsibility five usually medical when.
280,Young Find,400.68,Sports,Brand_D,490,Daughter old feeling far wait street we option realize.
281,Fund Company,138.04,Clothing,Brand_F,394,Job movement our receive as no half while.
282,Present Customer,161.44,Books,Brand_E,115,Necessary so hold need south well financial something study.
283,Fly Thing,259.81,Clothing,Brand_G,476,Peace man religious nation support at moment still summer since tree benefit.
284,Throw Hair,369.31,Toys,Brand_A,222,Know find side animal process stuff family believe deep surface.
285,Response Side,39.1,Books,Brand_G,125,Happy situation man claim investment Republican always.
286,Heavy Close,163.02,Books,Brand_C,336,Surface hope improve conference once meeting never interview radio church today machine can.
287,Your Your,447.25,Clothing,Brand_G,349,Whose Mr she simply peace maintain.
288,Participant Some,25.58,Furniture,Brand_F,451,When cut need his send decade use thus grow seek test per.
289,Left Case,186.64,Sports,Brand_F,177,Room create center move both responsibility thing follow assume whatever.
290,Research Until,288.78,Sports,Brand_F,81,Sit rock past hospital everyone or top yard side candidate customer.
291,Feel Miss,94.83,Sports,Brand_A,472,Quite fill develop effort left discussion together region situation.
292,Impact Thing,132.08,Books,Brand_F,99,Financial fish with point notice act activity their most interest him special.
293,Explain National,230.34,Toys,Brand_E,43,Authority control radio two popular those money game not break respond collection.
294,Century You,189.64,Furniture,Brand_F,351,Debate site memory newspaper important almost study improve better avoid.
295,Decade Away,416.19,Books,Brand_F,323,Less subject certain large case serve.
296,White Avoid,98.93,Food,Brand_H,120,Moment put experience drug resource eight discover course answer must.
297,Term Last,372.39,Beauty,Brand_E,335,Her trip card conference traditional second collection seven most ever power beyond final.
298,Matter Voice,314.84,Toys,Brand_I,298,View arrive inside white seven big head hope.
299,Dog Ago,490.23,Electronics,Brand_J,46,Bring miss game light entire technology.
300,Value Commercial,329.28,Furniture,Brand_J,267,Production natural them thank surface end institution film president.
301,Reveal Speech,352.3,Food,Brand_C,449,Bit chair civil test laugh because until real.
302,Area Though,470.6,Clothing,Brand_C,404,Organization stuff figure issue agent cold popular politics natural know.
303,Cause By,207.43,Beauty,Brand_H,286,Drop year myself firm southern professional class often teacher large window eight.
304,Oil Rate,74.02,Furniture,Brand_H,381,Recently who week show learn talk notice hair stop hear.
305,Message Participant,423.83,Food,Brand_E,91,Adult when week school great allow no.
306,Interest Fight,359.16,Electronics,Brand_B,369,Far those race full democratic market off police friend two across health.
307,Doctor Husband,221.99,Electronics,Brand_E,286,Situation teacher at it exist money should loss.
308,Collection Charge,294.16,Electronics,Brand_B,167,Low for economic image want real care.
309,Heavy Individual,181.54,Food,Brand_C,425,Already among fall decide money if history land citizen green me tax plan.
310,Particularly Old,211.77,Clothing,Brand_C,157,Ask eye road record case lead way situation natural whole think.
311,Oil Hope,38.47,Electronics,Brand_J,341,Human that imagine force skin model side.
312,Section Better,439.37,Food,Brand_H,74,Agree law over world bed much.
313,Effect Wear,475.7,Furniture,Brand_I,479,Whatever leave produce present or work smile must.
314,Act Data,145.8,Furniture,Brand_B,371,Structure far produce raise human quality listen medical expert.
315,Soldier Writer,286.09,Beauty,Brand_B,46,Check truth hundred phone form or tend democratic.
316,Nor Scientist,304.91,Home,Brand_H,46,Time nothing again drug statement animal approach billion.
317,Kid Court,184.1,Home,Brand_J,410,Share song commercial receive loss learn choice customer scientist citizen piece.
318,Suffer Wife,403.3,Furniture,Brand_G,346,Well picture business why child position blue as.
319,Record Talk,100.61,Food,Brand_B,414,Ability head major window its none mother west group begin second.
320,Window Consider,436.24,Books,Brand_B,26,Figure shoulder college I represent force have society recognize.
321,Matter Agree,192.58,Books,Brand_I,54,Expect prepare color to meeting good.
322,Environmental Important,406.53,Toys,Brand_G,491,Color president indeed together factor a would institution must building executive.
323,Dinner Everything,140.77,Food,Brand_A,86,Tax hour home similar evidence return country fear.
324,Perform Evening,351.94,Home,Brand_E,255,Unit board believe save month ability court green stay ten dark.
325,Single Just,85.06,Home,Brand_I,244,Indeed blue people doctor physical benefit fish book along.
326,Enough Minute,476.16,Furniture,Brand_D,293,Determine thousand as special he attorney food prevent family.
327,Sometimes Message,323.72,Food,Brand_C,360,Out modern business north star drop.
328,Speak Three,192.12,Food,Brand_D,183,Democrat can growth later eye imagine occur else.
329,Consumer Member,294.99,Toys,Brand_F,244,Voice hour fight stock where behind network take give among visit pay.
330,Like Piece,364.16,Clothing,Brand_E,303,Eat common line message space education material dinner recent somebody box see argue.
331,It Person,451.54,Electronics,Brand_B,486,Explain back operation by foot effect kitchen call interest five best bad race.
332,Environment Sound,257.22,Sports,Brand_J,136,Job power number executive watch set friend often.
333,Dream Stage,227.46,Toys,Brand_F,392,Same believe Democrat million with wide mind drive record beyond.
334,Past Entire,259.83,Beauty,Brand_A,320,Social maintain school grow purpose ready later statement generation dream program.
335,Can One,117.97,Books,Brand_C,496,Message support figure decide budget though eye room sense.
336,Thousand Add,37.29,Food,Brand_H,44,Campaign necessary agreement financial size north girl wide give leave live data.
337,Table Popular,164.66,Clothing,Brand_C,351,Our forward green particularly figure employee usually market deal defense design certainly put.
338,Public Company,313.59,Electronics,Brand_H,113,Opportunity member instead figure stuff save wait notice reason event.
339,Want Pull,355.35,Food,Brand_I,373,Every quickly pretty thought increase section rule air where together spend.
340,Morning Paper,63.68,Clothing,Brand_I,26,In TV property perform prevent under paper actually current then ever someone happen.
341,Go Have,106.69,Food,Brand_F,240,Five memory drive possible service put term cut.
342,Remain Drug,365.98,Books,Brand_A,432,Boy if firm rock like music inside leader drive a may write.
343,Result Around,153.66,Sports,Brand_H,275,Minute agency yard half draw task state civil.
344,Whether Church,445.37,Clothing,Brand_E,302,Guy gun computer same recent include color several rather each top.
345,Pressure Give,167.38,Furniture,Brand_F,241,Yard change help popular east agreement yard safe pretty read approach.
346,There Continue,104.02,Food,Brand_E,113,Range late bag hundred opportunity fine who heart.
347,Have Each,167.43,Toys,Brand_E,390,See hour picture enjoy only first explain purpose add call expert.
348,Sense Product,93.46,Beauty,Brand_H,413,Be rise charge recognize evening continue term various explain.
349,Rest Crime,130.99,Furniture,Brand_G,171,Ten fund would eye bit nation.
350,Push Something,217.55,Food,Brand_G,128,Page bank new choose add dark economic lay.
351,Budget Allow,416.1,Toys,Brand_H,196,Traditional nation bad voice per point.
352,Again Him,311.52,Home,Brand_C,304,Thousand know fact mind top will leave fall poor west magazine position sit.
353,Eight Must,10.51,Home,Brand_G,407,Check bar apply stock health decade view behavior.
354,Herself Foot,424.55,Beauty,Brand_B,119,Author network budget military save probably region history pattern Congress out effect.
355,Coach Full,167.76,Home,Brand_E,416,Future customer nature no large either.
356,Stop Service,368.22,Electronics,Brand_E,92,Free think spring official do the where why these world energy.
357,Enjoy Nothing,96.26,Sports,Brand_J,111,Republican consider last evening central ball success.
358,Response Memory,475.16,Furniture,Brand_J,490,Specific four do describe western alone ever want.
359,Relationship Position,278.48,Sports,Brand_F,74,We collection view national bar only skin research.
360,Suffer Of,335.67,Furniture,Brand_J,119,Light goal represent attack garden argue.
361,Her Democrat,382.13,Toys,Brand_A,19,Reveal exist left consumer a answer like woman.
362,Arm Even,342.05,Furniture,Brand_G,110,Speech ever look send position west into use yes yeah cell.
363,Available Open,386.29,Toys,Brand_D,490,Treat head might box child race top top level some indicate.
364,Space Condition,281.01,Electronics,Brand_I,152,Billion present instead fill kind as thing power conference certainly yet population.
365,Difficult Practice,414.1,Electronics,Brand_B,394,Add young another cultural easy teacher staff follow six.
366,Get Rise,254.06,Books,Brand_G,200,Mother news nature sort material watch car recently interesting social general.
367,Happy System,206.59,Beauty,Brand_C,210,Want various whose about if play magazine hard.
368,Family Heart,307.64,Clothing,Brand_G,166,Fine throw pay natural specific low area officer.
369,Effort From,25.88,Food,Brand_G,360,Number total husband wear marriage recognize democratic everything about space east while.
370,Increase Risk,97.72,Home,Brand_F,214,Statement bed allow region central once either gas like however population find two.
371,Certainly Course,405.35,Furniture,Brand_G,97,Only show discussion kind middle voice career the education machine.
372,Population Institution,330.58,Electronics,Brand_B,278,President than happy option there during either game increase.
373,Price Relate,124.19,Books,Brand_E,136,Agreement data provide campaign American I similar early.
374,Oil Recent,384.89,Toys,Brand_G,425,Indeed seat sea arrive rise no black natural news understand bed it.
375,Value Smile,425.69,Sports,Brand_C,360,Region air image since book himself.
376,Very Short,460.65,Clothing,Brand_I,28,Structure hit relate father change animal others few size mother democratic all.
377,Ability Least,300.48,Beauty,Brand_G,356,Know either blood work student make practice truth television others number machine.
378,Agreement Travel,96.32,Toys,Brand_H,106,Soldier room ten goal want on.
379,Factor Begin,43.16,Clothing,Brand_D,69,Way event act section meet let other may technology seem computer.
380,Group Central,20.7,Food,Brand_J,432,Prevent scientist beat billion avoid available buy modern while call past ahead its focus.
381,Many Nice,260.97,Home,Brand_D,415,Suddenly young put high probably soon.
382,Think Stay,28.49,Sports,Brand_F,389,Ever see hour resource cut agree material yes bill this window bed country.
383,Catch Protect,171.76,Books,Brand_F,127,Already contain sport run apply interesting seven foreign born him our wide daughter.
384,Beautiful Two,67.99,Sports,Brand_F,276,Dog cause agree go little political treatment population him clearly.
385,Happy Necessary,86.09,Furniture,Brand_J,254,Poor she true left run nearly.
386,Hot Upon,30.06,Electronics,Brand_C,265,Garden step instead industry bar role right practice occur effect go.
387,Eight Part,348.68,Books,Brand_F,187,Perform trial tree lawyer smile want chair treatment expert.
388,Last Yard,323.14,Electronics,Brand_J,139,Manager research nation western growth example.
389,Year If,457.57,Toys,Brand_E,430,Live red note any everyone tax ask some military child hot.
390,End Fly,199.32,Furniture,Brand_B,90,Thank five Republican modern detail bill fly discussion affect onto at allow yeah.
391,He Into,410.91,Electronics,Brand_J,412,Wonder PM need energy happy president class test answer standard work item for.
392,Pull Need,107.15,Books,Brand_G,238,Fall per step author alone bill consider agreement weight force company.
393,Hour See,93.44,Sports,Brand_J,324,Matter nature current everyone design apply carry.
394,City Church,135.52,Sports,Brand_F,168,Still four hand edge number attention character federal court opportunity.
395,By Program,63.65,Beauty,Brand_F,279,Purpose issue lay think day week write born move.
396,System People,463.07,Sports,Brand_G,307,Gun away above type poor street both among something call.
397,Against With,314.91,Furniture,Brand_D,173,Lead police truth yourself traditional behavior building series onto.
398,Rate Eye,28.92,Furniture,Brand_J,28,Politics talk morning phone than property leave director.
399,Bill Particular,142.51,Books,Brand_C,337,View tree under character stop tough price lay physical discussion.
400,Fact Perhaps,487.13,Books,Brand_J,93,Once that board stand half difference others surface.
401,If Truth,129.62,Toys,Brand_A,73,Responsibility clear also yard consider quite measure.
402,Term While,405.86,Food,Brand_H,486,Help will carry way analysis democratic what station there discuss occur.
403,Movie Ready,126.11,Home,Brand_A,155,Worry reality figure without behavior about shoulder.
404,Size Note,473.24,Furniture,Brand_C,65,Read contain else cost certainly television material feeling.
405,Social Light,186.57,Toys,Brand_J,188,Him kid situation song product quickly trial information financial off not recognize.
406,Matter Buy,52.87,Toys,Brand_F,225,Service here door election whatever evidence market house quality husband.
407,Human Chair,460.18,Books,Brand_D,370,Nice ever bad hear meeting some material stock like big environment.
408,Role Husband,324.48,Electronics,Brand_F,89,Pm two discover senior black building.
409,Race Manager,415.74,Sports,Brand_E,315,Agent economic vote mouth recently money research.
410,Health Since,369.29,Sports,Brand_E,144,Listen skill machine produce put notice growth body everything alone best start.
411,Take Suggest,57.43,Home,Brand_A,123,Soldier end Mrs improve instead already blue threat season Mr a.
412,Animal Maybe,212.09,Furniture,Brand_I,361,Ago answer benefit individual high main.
413,Eight Beyond,247.79,Books,Brand_C,255,Section wonder inside behavior choose catch everybody can all.
414,Message Understand,140.34,Clothing,Brand_H,204,National offer sell economy bit pay detail change serve third.
415,Spend When,37.3,Home,Brand_A,142,Manage age office student wonder through way base stuff table what.
416,White Degree,353.63,Furniture,Brand_A,242,We indeed control listen contain until image ready quality.
417,Easy Team,186.25,Beauty,Brand_H,12,Candidate style lawyer full back student field article.
418,Language Side,392.95,Sports,Brand_E,347,Two day no approach tell hair long he class news improve staff before.
419,Yet Decision,127.35,Clothing,Brand_I,123,Nice environmental social stop on power wide remember worker culture than.
420,Finish Poor,358.78,Furniture,Brand_A,466,Majority town only continue cup care send stage series shake.
421,Through Do,293.13,Beauty,Brand_B,62,Indeed scene foot campaign experience environmental turn state build song media grow shake.
422,Role Quite,95.44,Home,Brand_A,476,Natural debate laugh yeah ten personal chance chance memory everyone surface everything but.
423,Bring Him,77.2,Home,Brand_B,205,Continue position wrong matter learn be star figure somebody religious.
424,Reach Condition,287.36,Home,Brand_D,495,Scene coach night number theory central argue artist.
425,Magazine Range,321.99,Clothing,Brand_D,489,Vote night assume suffer maybe source physical culture most partner marriage study lead.
426,Clear Place,200.21,Beauty,Brand_B,176,Live large their there movement pass start guy prepare safe.
427,City Significant,463.52,Furniture,Brand_A,42,You which study dinner even machine wife safe store.
428,Leave Ago,487.41,Home,Brand_H,480,To water trouble quality prove mission question public important herself.
429,Decade Name,298.97,Furniture,Brand_B,228,Eight determine side team thought want huge collection must second interview.
430,Response Discover,216.72,Beauty,Brand_H,465,Thing other author himself open say necessary price wind scene public draw history.
431,Your Treat,35.35,Toys,Brand_A,361,Only author run time green important.
432,Analysis Receive,416.99,Beauty,Brand_A,347,Dark maintain book traditional step analysis do could return land learn position relationship.
433,Shake Instead,81.51,Sports,Brand_G,163,List just rock open spring plan teach carry particularly but evidence near wind.
434,Bit Sister,103.92,Home,Brand_C,229,Record special still room down scientist food.
435,Strong Civil,152.98,Books,Brand_F,467,Reveal respond pattern sure establish letter player describe chair price.
436,Anything Impact,219.02,Furniture,Brand_G,455,Those fund too may take win firm guess bag meet.
437,Economic State,494.07,Clothing,Brand_C,61,Start task top number control service meeting food role tonight leg board large.
438,Century Among,66.36,Home,Brand_A,279,Much think see firm plant fall born.
439,Be Wife,82.48,Toys,Brand_G,321,Standard green base world near rise investment science look fire.
440,Foreign Bed,468.58,Electronics,Brand_E,372,Number term give then term maybe professor enough present boy suffer environment drive.
441,Year Time,298.0,Furniture,Brand_F,167,Staff imagine them report position member race spring back.
442,Instead Strong,385.93,Beauty,Brand_I,19,Produce term small you skill share church.
443,Data Prove,423.98,Sports,Brand_C,298,So I television especially decide likely the.
444,This Red,378.26,Home,Brand_F,194,Financial government itself sometimes floor buy improve read.
445,National Important,172.8,Books,Brand_I,340,Figure might near sport reason pressure event woman.
446,Success Knowledge,85.02,Home,Brand_F,276,Contain research eat partner ability project.
447,Foreign Ten,397.81,Electronics,Brand_C,223,Buy kitchen who buy guess back hour compare its them site second produce.
448,Light Mean,184.9,Electronics,Brand_C,437,Good vote service item rather paper with voice ball.
449,Particularly Message,395.53,Furniture,Brand_B,114,Apply either activity learn bed produce.
450,Ever College,13.43,Furniture,Brand_F,86,Check language seek street education set population voice need seem single stop address.
451,Happy Card,113.36,Books,Brand_B,339,Take us member investment card and whom light treatment admit away where price.
452,Can Loss,19.55,Food,Brand_J,410,Rate senior herself operation subject guy travel special probably relate.
453,Wonder Cup,115.71,Furniture,Brand_F,227,Which much history simply including draw able result oil work.
454,Reveal Improve,77.25,Furniture,Brand_A,299,Per city voice expect thousand least.
455,Talk Spend,318.61,Toys,Brand_B,143,Sound anyone health produce first office five explain husband figure despite.
456,Determine Find,494.25,Sports,Brand_G,46,Citizen throw build of early listen idea series strong shake.
457,Risk Exist,313.41,Sports,Brand_D,480,Behavior example in may trial small worker those provide.
458,Care Impact,248.5,Furniture,Brand_C,453,Far mean face clear beautiful trade poor road.
459,Kind Floor,99.54,Toys,Brand_C,459,Toward soon thus compare less husband guy eat war point woman.
460,North Bring,213.68,Food,Brand_B,166,Senior dream student soldier senior whether situation.
461,Evidence Keep,319.71,Furniture,Brand_C,255,Try report choose realize office old reduce drive.
462,Catch Must,471.73,Electronics,Brand_C,442,What position brother quickly attorney rock answer job direction.
463,Go Pretty,90.42,Electronics,Brand_B,438,Seek final behavior anyone should read.
464,Wear Company,152.12,Furniture,Brand_C,68,Mr benefit raise worker face including before beat space standard method wonder.
465,Even Benefit,441.99,Books,Brand_D,389,Explain usually evening base approach already.
466,True Single,409.11,Toys,Brand_G,82,Run can risk suggest be be tell since.
467,Usually Program,237.72,Clothing,Brand_B,150,Message true Congress form project carry.
468,Type A,193.7,Food,Brand_G,147,Commercial television who name data fill alone.
469,Should Above,346.73,Home,Brand_B,373,Strong simply individual quickly necessary admit series huge more sing.
470,Range Huge,99.75,Sports,Brand_G,409,Responsibility thought project to stand day lay reflect everyone main born.
471,Market Course,72.91,Clothing,Brand_E,370,Them phone national mention art probably speech chair account million when.
472,Morning Who,469.32,Clothing,Brand_J,68,Seek place east step many draw property box interesting give would many street.
473,Walk Happen,410.12,Toys,Brand_J,414,Call small Republican north yourself factor along.
474,Break Past,484.25,Furniture,Brand_G,99,True imagine simple but next perhaps allow billion black.
475,Coach Well,50.04,Clothing,Brand_F,468,Environmental protect unit either sing anyone not director.
476,True Third,371.92,Clothing,Brand_C,263,During set receive eat establish seven card provide skin.
477,Short Plan,333.03,Toys,Brand_I,231,Director yourself smile table sometimes contain trade almost true list hospital for.
478,Support Point,10.05,Food,Brand_G,305,For various executive physical of how eye he big American action cost.
479,Few Politics,369.61,Toys,Brand_C,364,Open listen film moment hope under spend significant information its analysis late record.
480,Show Receive,286.69,Books,Brand_C,201,Space strong hotel nice financial could instead threat lawyer school the yard her.
481,Lot Activity,226.63,Sports,Brand_D,51,Occur eye pay ready tell break.
482,Article Book,282.31,Food,Brand_B,324,Model great decision various mother young next several always form cost.
483,Account Then,7.61,Clothing,Brand_F,249,Draw now likely interesting number late herself seat away.
484,Open Forget,494.22,Furniture,Brand_D,65,Order would goal blue other discover heavy boy must budget space avoid.
485,Huge Husband,97.42,Home,Brand_B,344,Hear election next sell food wrong character simply free old.
486,Find Home,436.67,Food,Brand_F,405,Myself trial position picture office camera.
487,Later Left,120.67,Furniture,Brand_C,483,System institution suddenly present make war huge likely science.
488,Major Tax,111.93,Clothing,Brand_I,390,Goal them though idea action of environmental read.
489,Group Day,430.23,Furniture,Brand_H,482,Give year drop language appear where some material put place mean sport.
490,Beautiful Finally,414.46,Home,Brand_I,155,Moment difficult board laugh most walk money.
491,Light Especially,27.9,Books,Brand_E,329,Build offer office suffer follow result likely kind others economy back.
492,Cost Brother,22.02,Home,Brand_J,358,Sure reality station prove production indeed.
493,Shoulder Both,118.06,Electronics,Brand_D,60,Music ten moment however or film she then public allow fund develop doctor.
494,Feel Like,364.77,Clothing,Brand_G,26,Respond study time prevent region any loss.
495,Green Them,14.89,Clothing,Brand_C,179,Huge responsibility leader rate dog order kid remember take Democrat.
496,After Force,153.85,Books,Brand_E,31,Scientist development air significant heavy receive two central yard simply price group.
497,Mission Audience,496.7,Clothing,Brand_B,51,Relationship hope religious better market couple event smile down program Democrat.
498,Itself Play,112.35,Sports,Brand_B,393,Member first soon media information economic have of them stand matter knowledge traditional.
499,Court Work,188.75,Food,Brand_B,116,Music peace institution sometimes imagine too see hit.
500,Magazine Sister,468.04,Electronics,Brand_G,10,House collection fish pass during learn child and word on site recently but.
